USE GestioneAffitti;

INSERT INTO `utente` (`id_utente`, `nome`, `cognome`, `email`, `cellulare`, `password`, `eta`, `ruolo`, `data_registrazione`) VALUES
(1, 'Admin', 'Sito', 'admin@affitti.it', '0000000000', 'password123', 30, 'admin', '2026-01-20 16:23:42'),
(2, 'Roberto', 'Rossi', 'roberto@example.com', '1234567890', 'password123', 45, 'proprietario', '2026-01-20 16:23:42'),
(3, 'Luca', 'Bianchi', 'luca@studenti.it', '3331122334', 'password123', 21, 'studente', '2026-01-20 16:23:42'),
(4, 'Giulia', 'Verdi', 'giulia.verdi@email.com', '3339988771', 'password123', 42, 'proprietario', '2026-01-10 09:00:00'),
(5, 'Marco', 'Neri', 'marco.neri@email.com', '3339988772', 'password123', 50, 'proprietario', '2026-01-11 10:30:00'),
(6, 'Elena', 'Gialli', 'elena.gialli@email.com', '3339988773', 'password123', 38, 'proprietario', '2026-01-12 11:15:00'),
(7, 'Alessandro', 'Manzoni', 'ale.manzo@stud.unibo.it', '3331112223', 'password123', 22, 'studente', '2026-01-15 14:20:00'),
(8, 'Francesca', 'Alighieri', 'francy.ali@stud.unibo.it', '3331112224', 'password123', 20, 'studente', '2026-01-16 15:30:00'),
(9, 'Giacomo', 'Leopardi', 'giacomo.leo@stud.unibo.it', '3331112225', 'password123', 23, 'studente', '2026-01-17 16:45:00'),
(10, 'Silvia', 'Romani', 'silvia.rom@stud.unibo.it', '3331112226', 'password123', 21, 'studente', '2026-01-18 18:00:00'),
(11, 'Davide', 'Esposito', 'davide.esp@stud.unibo.it', '3331112227', 'password123', 25, 'studente', '2026-01-19 09:30:00'),
(12, 'Martina', 'Ricci', 'marty.ricci@stud.unibo.it', '3331112228', 'password123', 19, 'studente', '2026-01-20 10:45:00'),
(13, 'Tommaso', 'Marini', 'tommy.mar@stud.unibo.it', '3331112229', 'password123', 24, 'studente', '2026-01-21 11:50:00'),
(14, 'Chiara', 'Moretti', 'chiara.mor@stud.unibo.it', '3331112230', 'password123', 22, 'studente', '2026-01-22 13:10:00');

INSERT INTO `alloggio` (`id_alloggio`, `id_proprietario`, `tipo_immobile`, `superficie_totale`, `totale_piani_edificio`, `piano_alloggio`, `has_ascensore`, `tipo_riscaldamento`, `has_cucina`, `nr_camere_letto`, `nr_locali_totali`, `nr_bagni_totali`, `comune`, `indirizzo`, `civico`, `isZonaCampus`, `isZonaCentro`, `isZonaStazione`, `isZonaAltro`, `distanza_campus_km`, `distanza_centro_km`, `max_persone`, `nr_coinquilini_attuali`, `genere_inquilini`, `occupazione_inquilini`, `proprietario_vive_casa`, `accetta_animali`, `accetta_fumatori`, `accetta_coppie`, `prezzo_mensile_alloggio`, `cauzione`, `costo_utenze_mensile`, `disponibile_dal`, `permanenza_minima_mesi`, `utenza_acqua`, `utenza_internet`, `utenza_gas`, `utenza_luce`, `descrizione`, `data_pubblicazione`) VALUES
(15, 2, 'Bilocale', 300, 3, 1, 0, 'Autonomo', 1, 2, 4, 2, 'Cesena', 'Via Giacomo Vivaldi', 23, 0, 1, 0, 0, 2.00, 0.00, 2, 1, 'Entrambi', 'Studenti', 0, 0, 0, 0, 400.00, 350.00, 50.00, '2026-02-01', 12, 0, 1, 1, 0, 'Bel appartamento in centro a Cesena', '2026-01-29 10:02:50'),
(16, 4, 'Trilocale', 85, 3, 2, 1, 'Autonomo', 1, 2, 3, 1, 'Cesena', 'Via Garibaldi', 45, 0, 1, 0, 0, 1.50, 0.20, 3, 0, 'Non presenti', 'Non presenti', 0, 1, 0, 1, 650.00, 1300.00, 80.00, '2026-03-01', 12, 1, 1, 1, 1, 'Bellissimo trilocale in pieno centro storico, ristrutturato.', '2026-01-25 10:00:00'),
(17, 4, 'Stanza in appartamento', 110, 5, 4, 1, 'Centralizzato', 1, 4, 5, 2, 'Cesena', 'Viale Carducci', 12, 0, 0, 1, 0, 1.20, 0.80, 4, 2, 'Femminile', 'Studenti', 0, 0, 0, 0, 350.00, 700.00, 40.00, '2026-02-15', 6, 1, 1, 0, 1, 'Ampia stanza singola zona stazione, comoda per i treni.', '2026-01-26 11:30:00'),
(18, 5, 'Monolocale', 40, 2, 0, 0, 'Autonomo', 1, 1, 1, 1, 'Cesena', 'Via dell Università', 5, 1, 0, 0, 0, 0.10, 1.50, 1, 0, 'Non presenti', 'Non presenti', 0, 0, 1, 0, 500.00, 1000.00, 0.00, '2026-02-01', 12, 0, 1, 0, 0, 'Monolocale indipendente letteralmente di fronte al Campus.', '2026-01-27 09:15:00'),
(19, 5, 'Appartamento intero', 130, 4, 1, 1, 'Autonomo', 1, 3, 4, 2, 'Cesena', 'Via Emilia Ponente', 200, 0, 0, 0, 1, 3.50, 2.50, 5, 0, 'Non presenti', 'Non presenti', 0, 1, 1, 1, 900.00, 1800.00, NULL, '2026-04-01', 6, 0, 0, 0, 0, 'Grande appartamento perfetto per gruppi di amici, zona tranquilla.', '2026-01-27 14:00:00'),
(20, 6, 'Stanza in appartamento', 95, 3, 3, 0, 'Autonomo', 1, 3, 4, 1, 'Cesena', 'Via del Tunnel', 8, 0, 1, 0, 0, 1.80, 0.50, 3, 2, 'Maschile', 'Lavoratori', 0, 0, 0, 0, 380.00, 760.00, 50.00, '2026-02-01', 6, 1, 1, 1, 1, 'Stanza luminosa in appartamento di lavoratori tranquilli.', '2026-01-28 16:20:00'),
(22, 6, 'Bilocale', 55, 1, 1, 0, 'Autonomo', 1, 1, 2, 1, 'Cesena', 'Via Mulini', 33, 1, 0, 0, 0, 0.40, 1.00, 2, 0, 'Non presenti', 'Non presenti', 0, 1, 0, 1, 600.00, 1200.00, 60.00, '2026-02-01', 12, 1, 1, 1, 1, 'Bilocale moderno ristrutturato recentemente zona Ex-Zuccherificio.', '2026-01-29 08:30:00'),
(23, 4, 'Stanza in appartamento', 120, 2, 1, 0, 'Autonomo', 1, 4, 5, 2, 'Cesena', 'Via Roma', 88, 0, 0, 1, 0, 1.50, 0.60, 4, 3, 'Femminile', 'Studenti', 1, 0, 0, 0, 300.00, 600.00, 45.00, '2026-02-10', 6, 1, 1, 1, 1, 'Stanza economica, proprietaria vive al piano di sotto.', '2026-01-29 09:00:00'),
(24, 5, 'Attico', 160, 6, 6, 1, 'Autonomo', 1, 3, 5, 3, 'Cesena', 'Viale Matteotti', 4, 0, 1, 0, 0, 1.70, 0.30, 5, 0, 'Non presenti', 'Non presenti', 0, 0, 0, 1, 1200.00, 3000.00, NULL, '2026-05-01', 24, 1, 1, 1, 1, 'Attico di lusso con terrazzo panoramico.', '2026-01-29 10:00:00'),
(25, 2, 'Posto letto in camera doppia', 80, 3, 1, 0, 'Autonomo', 1, 2, 3, 1, 'Cesena', 'Via Savio', 12, 1, 0, 0, 0, 0.80, 1.60, 4, 2, 'Maschile', 'Studenti', 0, 0, 0, 0, 250.00, 500.00, 30.00, '2026-02-01', 12, 1, 1, 1, 1, 'Posto letto economico vicinissimo al campus ingegneria a Cesena.', '2026-01-29 11:00:00'),
(26, 2, 'Casa', 400, 2, 1, 0, 'Autonomo', 1, 4, 10, 3, 'Bologna', 'Via Guglielmi', 13, 0, 1, 0, 0, 10.00, 0.50, 4, 1, 'Entrambi', 'Studenti', 0, 0, 0, 0, 400.00, 1000.00, 100.00, '2026-03-01', 12, 1, 0, 0, 0, 'Enorme casa vicino al centro di Bologna con 4 stanze affittabili', '2026-02-03 12:19:39'),
(27, 2, 'Casone', 300, 2, 1, 0, 'Autonomo', 1, 3, 5, 2, 'Bologna', 'Via Zito', 34, 1, 0, 0, 0, 0.50, 5.00, 2, 0, 'Non presenti', 'Non presenti', 0, 0, 0, 0, 400.00, 300.00, 0.00, '2026-07-01', 6, 0, 0, 0, 0, 'Casa a Bologna, due stanze, vicina al campus', '2026-02-03 12:45:49'),
(28, 4, 'Bilocale moderno', 65, 5, 3, 1, 'Autonomo', 1, 1, 2, 1, 'Bologna', 'Via dell Indipendenza', 10, 0, 1, 1, 0, 1.50, 0.10, 2, 0, 'Non presenti', 'Non presenti', 0, 0, 0, 1, 850.00, 1700.00, 100.00, '2026-03-01', 12, 1, 1, 1, 1, 'Appartamento centralissimo a Bologna, ideale per coppie o dottorandi.', '2026-02-04 12:50:33'),
(29, 2, 'Stanza singola ampia', 100, 3, 1, 0, 'Centralizzato', 1, 3, 4, 2, 'Bologna', 'Via Zamboni', 33, 1, 1, 0, 0, 0.20, 0.20, 3, 2, 'Maschile', 'Studenti', 0, 0, 1, 0, 550.00, 500.00, 40.00, '2026-02-15', 6, 1, 1, 0, 1, 'Vicinissimo alle facoltà, stanza luminosa con scrivania grande.', '2026-02-04 12:50:33'),
(30, 5, 'Trilocale luminoso', 90, 4, 2, 1, 'Autonomo', 1, 2, 3, 1, 'Ravenna', 'Via di Roma', 154, 0, 1, 0, 0, 0.80, 0.40, 4, 0, 'Non presenti', 'Non presenti', 0, 1, 0, 0, 700.00, 1400.00, 80.00, '2026-04-01', 12, 1, 0, 1, 1, 'Appartamento spazioso vicino ai monumenti e al polo universitario.', '2026-02-04 12:50:33'),
(31, 6, 'Monolocale funzionale', 35, 2, 0, 0, 'Autonomo', 1, 1, 1, 1, 'Ravenna', 'Via Cavour', 12, 0, 1, 0, 0, 1.20, 0.20, 1, 0, 'Non presenti', 'Non presenti', 1, 0, 0, 0, 450.00, 900.00, 50.00, '2026-03-01', 12, 0, 1, 0, 1, 'Perfetto per studenti singoli che cercano tranquillità.', '2026-02-04 12:50:33'),
(32, 4, 'Casa indipendente', 120, 2, 1, 0, 'Autonomo', 1, 4, 5, 2, 'Forlì', 'Corso della Repubblica', 22, 1, 1, 0, 0, 0.50, 0.30, 5, 2, 'Femminile', 'Studenti', 0, 1, 1, 1, 320.00, 600.00, 30.00, '2026-02-20', 6, 1, 1, 1, 1, 'Casa per studentesse, ampi spazi comuni e giardino.', '2026-02-04 12:50:33'),
(33, 5, 'Stanza in centro', 85, 3, 3, 1, 'Autonomo', 1, 3, 4, 1, 'Forlì', 'Via Giorgio Regnoli', 45, 0, 1, 0, 1, 1.00, 0.50, 3, 1, 'Entrambi', 'Lavoratori', 0, 0, 0, 0, 350.00, 700.00, 45.00, '2026-02-01', 12, 1, 1, 0, 1, 'Stanza singola in appartamento condiviso con lavoratori giovani.', '2026-02-04 12:50:33'),
(34, 2, 'Appartamento vista mare', 75, 6, 4, 1, 'Autonomo', 1, 2, 3, 1, 'Rimini', 'Viale Vespucci', 8, 0, 0, 0, 1, 2.50, 1.50, 3, 0, 'Non presenti', 'Non presenti', 0, 0, 1, 1, 600.00, 1200.00, 90.00, '2026-03-15', 6, 1, 1, 1, 1, 'Ideale per il periodo primaverile/estivo o per studenti fuori sede.', '2026-02-04 12:50:33'),
(35, 6, 'Posto letto doppia', 95, 3, 1, 0, 'Centralizzato', 1, 3, 4, 2, 'Rimini', 'Via Dante Alighieri', 21, 0, 1, 1, 0, 0.60, 0.20, 5, 3, 'Maschile', 'Studenti', 0, 0, 0, 0, 280.00, 400.00, 35.00, '2026-02-01', 12, 1, 1, 1, 1, 'Posto letto in zona stazione, comodissimo per i trasporti.', '2026-02-04 12:50:33'),
(36, 5, 'Monolocale moderno', 45, 4, 2, 1, 'Autonomo', 1, 1, 1, 1, 'Bologna', 'Via Riva di Reno', 44, 0, 1, 0, 0, 1.80, 0.20, 1, 0, 'Non presenti', 'Non presenti', 0, 0, 0, 0, 750.00, 1500.00, 70.00, '2026-03-01', 12, 1, 1, 1, 1, 'Monolocale arredato a nuovo in zona centrale e servita.', '2026-02-04 14:18:19'),
(37, 6, 'Stanza in appartamento', 110, 3, 1, 0, 'Centralizzato', 1, 3, 4, 2, 'Bologna', 'Via Mascarella', 12, 1, 1, 1, 0, 0.30, 0.50, 3, 2, 'Femminile', 'Studenti', 0, 1, 0, 0, 500.00, 500.00, 50.00, '2026-02-15', 6, 1, 1, 0, 1, 'Stanza singola in zona universitaria, molto luminosa.', '2026-02-04 14:18:19'),
(38, 2, 'Bilocale storico', 70, 2, 1, 0, 'Autonomo', 1, 1, 2, 1, 'Bologna', 'Via del Pratello', 5, 0, 1, 0, 0, 2.00, 0.10, 2, 0, 'Non presenti', 'Non presenti', 0, 0, 1, 1, 800.00, 1600.00, 100.00, '2026-04-01', 12, 1, 0, 1, 1, 'Ampio bilocale nel cuore della movida bolognese.', '2026-02-04 14:18:19'),
(39, 4, 'Quadrilocale ampio', 130, 6, 4, 1, 'Centralizzato', 1, 4, 5, 2, 'Bologna', 'Via Saragozza', 89, 0, 0, 0, 1, 1.20, 1.50, 4, 3, 'Entrambi', 'Studenti', 1, 0, 0, 0, 450.00, 900.00, 60.00, '2026-02-01', 12, 1, 1, 1, 1, 'Stanza singola in quadrilocale signorile con portiere.', '2026-02-04 14:18:19'),
(40, 2, 'Stanza doppia', 85, 3, 0, 0, 'Autonomo', 1, 2, 3, 1, 'Ravenna', 'Via S. Alberto', 163, 1, 0, 0, 0, 0.50, 2.50, 4, 2, 'Maschile', 'Studenti', 0, 0, 0, 0, 250.00, 400.00, 40.00, '2026-02-01', 6, 1, 1, 0, 0, 'Posto letto in doppia, zona campus scientifico.', '2026-02-04 14:18:19'),
(41, 4, 'Bilocale moderno', 55, 4, 3, 1, 'Autonomo', 1, 1, 2, 1, 'Ravenna', 'Circonvallazione San Gaetanino', 22, 0, 1, 0, 0, 1.00, 0.30, 2, 0, 'Non presenti', 'Non presenti', 0, 1, 0, 1, 550.00, 1100.00, 80.00, '2026-03-01', 12, 1, 1, 1, 1, 'Bilocale recentemente ristrutturato vicino al centro.', '2026-02-04 14:18:19'),
(42, 5, 'Casa intera', 140, 2, 1, 0, 'Autonomo', 1, 3, 5, 2, 'Ravenna', 'Via Gordini', 8, 0, 1, 0, 0, 0.80, 0.10, 5, 0, 'Non presenti', 'Non presenti', 0, 1, 1, 1, 950.00, 2000.00, 120.00, '2026-05-01', 12, 1, 1, 1, 1, 'Casa spaziosa ideale per gruppi, zona silenziosa.', '2026-02-04 14:18:19'),
(43, 6, 'Monolocale', 38, 2, 1, 0, 'Autonomo', 1, 1, 1, 1, 'Ravenna', 'Via Carducci', 4, 0, 0, 1, 0, 1.50, 0.60, 1, 0, 'Non presenti', 'Non presenti', 0, 0, 0, 0, 480.00, 960.00, 30.00, '2026-02-01', 12, 0, 1, 0, 1, 'Piccolo monolocale comodo per chi usa il treno.', '2026-02-04 14:18:19'),
(44, 2, 'Stanza singola', 90, 4, 1, 1, 'Autonomo', 1, 3, 4, 1, 'Forlì', 'Via dei Mille', 30, 1, 1, 0, 0, 0.40, 0.30, 3, 2, 'Femminile', 'Studenti', 0, 0, 0, 0, 330.00, 600.00, 40.00, '2026-02-10', 6, 1, 1, 1, 1, 'Stanza per studentessa in zona centralissima a Forlì.', '2026-02-04 14:18:19'),
(45, 4, 'Quadrilocale', 115, 3, 2, 0, 'Centralizzato', 1, 3, 4, 2, 'Forlì', 'Via Bruni', 11, 0, 1, 0, 0, 0.90, 0.20, 4, 1, 'Entrambi', 'Lavoratori', 0, 0, 1, 0, 380.00, 700.00, 50.00, '2026-02-01', 12, 1, 1, 1, 1, 'Stanza ampia in appartamento di giovani professionisti.', '2026-02-04 14:18:19'),
(46, 5, 'Bilocale', 60, 2, 0, 0, 'Autonomo', 1, 1, 2, 1, 'Forlì', 'Via Romanello', 56, 1, 0, 0, 0, 0.20, 1.00, 2, 0, 'Non presenti', 'Non presenti', 1, 0, 0, 0, 450.00, 900.00, 60.00, '2026-04-01', 12, 1, 1, 1, 1, 'Appartamento al piano terra, molto fresco d estate.', '2026-02-04 14:18:19'),
(47, 6, 'Stanza in appartamento', 95, 5, 4, 1, 'Autonomo', 1, 4, 5, 2, 'Forlì', 'Corso Mazzini', 150, 0, 1, 0, 0, 1.10, 0.05, 4, 3, 'Femminile', 'Studenti', 0, 0, 0, 0, 310.00, 500.00, 45.00, '2026-02-01', 6, 1, 1, 0, 0, 'Affitto stanza singola in Corso Mazzini, comoda per tutto.', '2026-02-04 14:18:19'),
(48, 2, 'Monolocale', 42, 4, 2, 1, 'Autonomo', 1, 1, 1, 1, 'Rimini', 'Viale Tripoli', 102, 0, 1, 0, 1, 1.50, 0.80, 1, 0, 'Non presenti', 'Non presenti', 0, 0, 0, 0, 550.00, 1000.00, 70.00, '2026-03-01', 12, 1, 1, 1, 1, 'Monolocale vicino al mare e alla zona universitaria.', '2026-02-04 14:18:19'),
(49, 4, 'Stanza in attico', 160, 6, 6, 1, 'Autonomo', 1, 3, 5, 3, 'Rimini', 'Viale Principe Amedeo', 21, 0, 0, 1, 0, 0.60, 1.20, 5, 2, 'Entrambi', 'Entrambi', 0, 1, 0, 1, 450.00, 900.00, 90.00, '2026-02-15', 6, 1, 1, 1, 1, 'Splendida stanza con accesso al terrazzo panoramico.', '2026-02-04 14:18:19'),
(50, 5, 'Trilocale', 80, 3, 1, 0, 'Centralizzato', 1, 2, 3, 1, 'Rimini', 'Via Flaminia', 45, 0, 0, 0, 1, 2.00, 2.50, 3, 0, 'Non presenti', 'Non presenti', 0, 0, 1, 0, 680.00, 1300.00, 80.00, '2026-04-01', 12, 1, 0, 0, 1, 'Trilocale spazioso, zona ben collegata dai bus.', '2026-02-04 14:18:19'),
(51, 6, 'Posto letto', 100, 2, 0, 0, 'Autonomo', 1, 3, 4, 2, 'Rimini', 'Viale Regina Elena', 12, 0, 0, 0, 1, 2.20, 3.00, 5, 1, 'Maschile', 'Studenti', 0, 0, 0, 0, 220.00, 400.00, 30.00, '2026-02-01', 6, 1, 1, 1, 0, 'Posto letto molto economico in zona mare.', '2026-02-04 14:18:19');


INSERT INTO `foto` (`id_foto`, `id_alloggio`, `percorso_immagine`, `is_copertina`) VALUES
(1, 16, 'a1.jpeg', 1),
(2, 16, 'a2.jpeg', 0),
(3, 16, 'a3.jpeg', 0),
(4, 17, 'a4.jpeg', 1),
(5, 17, 'a5.jpeg', 0),
(6, 18, 'a6.jpeg', 1),
(7, 19, 'a7.jpeg', 1),
(8, 19, 'a8.jpeg', 0),
(9, 19, 'a9.jpeg', 0),
(10, 20, 'a10.jpeg', 1),
(11, 20, 'a11.jpeg', 0),
(15, 22, 'a15.jpeg', 1),
(16, 22, 'a16.jpeg', 0),
(17, 23, 'a17.jpeg', 1),
(18, 24, 'a18.jpeg', 1),
(19, 24, 'a19.jpeg', 0),
(20, 24, 'a20.jpeg', 0),
(21, 25, 'a21.jpeg', 1),
(22, 25, 'a2.jpeg', 0),
(26, 15, 'a8.jpeg', 1),
(27, 15, 'a9.jpeg', 0),
(28, 15, 'a10.jpeg', 0),
(29, 15, 'a11.jpeg', 0),
(30, 26, 'a21_2.jpeg', 1),
(31, 27, 'a16_2.jpeg', 1),
(32, 27, 'a17_2.jpeg', 0),
(33, 27, 'a18_2.jpeg', 0),
(34, 27, 'a19_2.jpeg', 0),
(35, 27, 'a20_2.jpeg', 0),
(36, 27, 'a21_3.jpeg', 0),
(37, 28, 'a1.jpeg', 1),
(38, 28, 'a2.jpeg', 0),
(39, 29, 'a4.jpeg', 1),
(40, 29, 'a5.jpeg', 0),
(41, 30, 'a7.jpeg', 1),
(42, 30, 'a8.jpeg', 0),
(43, 31, 'a6.jpeg', 1),
(44, 32, 'a17.jpeg', 1),
(45, 32, 'a1.jpeg', 0),
(46, 33, 'a10.jpeg', 1),
(47, 34, 'a21_2.jpeg', 1),
(48, 34, 'a16.jpeg', 0),
(49, 35, 'a21.jpeg', 1),
(50, 36, 'a1.jpeg', 1),
(51, 37, 'a4.jpeg', 1),
(52, 38, 'a8.jpeg', 1),
(53, 39, 'a10.jpeg', 1),
(54, 40, 'a21.jpeg', 1),
(55, 41, 'a15.jpeg', 1),
(56, 42, 'a7.jpeg', 1),
(57, 43, 'a6.jpeg', 1),
(58, 44, 'a17.jpeg', 1),
(59, 45, 'a11.jpeg', 1),
(60, 46, 'a16.jpeg', 1),
(61, 47, 'a5.jpeg', 1),
(62, 48, 'a18.jpeg', 1),
(63, 49, 'a19.jpeg', 1),
(64, 50, 'a20.jpeg', 1),
(65, 51, 'a2.jpeg', 1);


INSERT INTO `notifica` (`id_notifica`, `id_utente`, `testo`, `letta`, `data_invio`) VALUES
(1, 4, 'Hai ricevuto una nuova richiesta di prenotazione per Via Garibaldi.', 0, '2026-01-28 09:05:00'),
(2, 7, 'La tua prenotazione per Via Garibaldi è stata confermata!', 1, '2026-01-28 10:00:00'),
(3, 2, 'Ricordati di caricare le bollette per Via Cavour.', 0, '2026-01-29 08:00:00'),
(4, 9, 'La tua richiesta per il monolocale è stata rifiutata dal proprietario.', 0, '2026-01-29 10:30:00'),
(5, 5, 'Hai 3 nuovi messaggi non letti.', 0, '2026-01-29 11:00:00'),
(6, 11, 'Benvenuto nella tua nuova casa!', 0, '2026-01-29 12:30:00'),
(7, 1, 'Benvenuti a tutti sul sito di Affitti alloggi. Buona navigazione!!!', 0, '2026-01-29 15:11:46'),
(8, 1, 'Siamo in manutenzione per 15 minuti. Ci scusiamo per il disagio.', 0, '2026-01-29 15:20:31'),
(9, 1, 'Siamo tornati attivi!', 0, '2026-01-29 15:25:05');


INSERT INTO `preferiti` (`id_utente`, `id_alloggio`, `data_preferito`) VALUES
(3, 16, '2026-02-01 09:39:07'),
(3, 18, '2026-02-03 11:09:32'),
(3, 20, '2026-02-01 09:39:12'),
(3, 23, '2026-02-01 09:42:05'),
(3, 25, '2026-02-03 11:06:23'),
(7, 16, '2026-01-29 12:00:00'),
(7, 18, '2026-01-29 12:05:00'),
(7, 34, '2026-02-04 12:50:33'),
(8, 22, '2026-01-29 13:10:00'),
(8, 28, '2026-02-04 12:50:33'),
(8, 29, '2026-02-04 12:50:33'),
(9, 19, '2026-01-28 10:00:00'),
(9, 36, '2026-02-04 14:18:19'),
(9, 38, '2026-02-04 14:18:19'),
(10, 16, '2026-01-28 11:00:00'),
(10, 24, '2026-01-28 11:30:00'),
(10, 40, '2026-02-04 14:18:19'),
(10, 42, '2026-02-04 14:18:19'),
(11, 25, '2026-01-29 09:00:00'),
(11, 44, '2026-02-04 14:18:19'),
(11, 46, '2026-02-04 14:18:19'),
(12, 18, '2026-01-29 14:00:00'),
(12, 30, '2026-02-04 12:50:33'),
(12, 31, '2026-02-04 12:50:33'),
(13, 23, '2026-01-29 15:00:00'),
(13, 49, '2026-02-04 14:18:19'),
(13, 51, '2026-02-04 14:18:19'),
(14, 32, '2026-02-04 12:50:33');

INSERT INTO `stanza` (`id_stanza`, `id_alloggio`, `metratura_stanza`, `nr_letti_singoli`, `nr_letti_matrimoniali`, `tipo_bagno`, `has_balcone`, `prezzo_stanza`, `stato`) VALUES
(19, 15, 25, 2, 0, 'Privato', 0, 350.00, 'Disponibile'),
(20, 15, 45, 0, 1, 'Privato', 0, 450.00, 'Non disponibile'),
(21, 16, 20, 0, 1, 'Privato', 1, 350.00, 'Disponibile'),
(22, 16, 16, 2, 0, 'Condiviso', 0, 300.00, 'Disponibile'),
(23, 17, 18, 1, 0, 'Condiviso', 1, 350.00, 'Disponibile'),
(24, 17, 22, 0, 1, 'Privato', 0, 400.00, 'Non disponibile'),
(25, 18, 30, 0, 1, 'Privato', 1, 500.00, 'Non disponibile'),
(26, 19, 15, 1, 0, 'Condiviso', 0, 280.00, 'Disponibile'),
(27, 19, 15, 1, 0, 'Condiviso', 0, 280.00, 'Disponibile'),
(28, 19, 25, 0, 1, 'Privato', 1, 340.00, 'Non disponibile'),
(29, 20, 14, 1, 0, 'Condiviso', 0, 380.00, 'Disponibile'),
(32, 22, 25, 0, 1, 'Privato', 1, 600.00, 'Disponibile'),
(33, 23, 16, 1, 0, 'Condiviso', 0, 300.00, 'Disponibile'),
(34, 23, 20, 2, 0, 'Condiviso', 1, 250.00, 'Non disponibile'),
(35, 24, 30, 0, 1, 'Privato', 1, 500.00, 'Disponibile'),
(36, 24, 35, 0, 1, 'Privato', 1, 600.00, 'Disponibile'),
(37, 25, 22, 2, 0, 'Condiviso', 0, 250.00, 'Non disponibile'),
(38, 25, 22, 2, 0, 'Condiviso', 0, 250.00, 'Non disponibile'),
(39, 26, 50, 2, 0, 'Privato', 1, 500.00, 'Disponibile'),
(40, 26, 55, 1, 1, 'Privato', 1, 600.00, 'Disponibile'),
(41, 26, 45, 0, 1, 'Privato', 0, 450.00, 'Non disponibile'),
(42, 26, 45, 1, 0, 'Condiviso', 0, 400.00, 'Disponibile'),
(43, 27, 50, 1, 0, 'Privato', 0, 400.00, 'Disponibile'),
(44, 27, 45, 1, 0, 'Privato', 0, 400.00, 'Disponibile'),
(45, 28, 25, 0, 1, 'Privato', 1, 850.00, 'Disponibile'),
(46, 29, 20, 1, 0, 'Condiviso', 0, 550.00, 'Disponibile'),
(47, 30, 18, 2, 0, 'Condiviso', 1, 350.00, 'Disponibile'),
(48, 30, 22, 0, 1, 'Privato', 0, 450.00, 'Disponibile'),
(49, 31, 30, 0, 1, 'Privato', 0, 450.00, 'Disponibile'),
(50, 32, 16, 1, 0, 'Condiviso', 0, 320.00, 'Disponibile'),
(51, 32, 16, 1, 0, 'Condiviso', 1, 320.00, 'Disponibile'),
(52, 33, 15, 1, 0, 'Condiviso', 0, 350.00, 'Disponibile'),
(53, 34, 18, 1, 0, 'Condiviso', 1, 300.00, 'Disponibile'),
(54, 34, 20, 1, 1, 'Privato', 1, 400.00, 'Disponibile'),
(55, 35, 14, 2, 0, 'Condiviso', 0, 280.00, 'Disponibile'),
(56, 36, 45, 0, 1, 'Privato', 0, 750.00, 'Disponibile'),
(57, 37, 20, 1, 0, 'Privato', 1, 500.00, 'Disponibile'),
(58, 38, 70, 1, 1, 'Privato', 0, 800.00, 'Disponibile'),
(59, 39, 25, 1, 0, 'Condiviso', 1, 450.00, 'Disponibile'),
(60, 40, 30, 2, 0, 'Condiviso', 0, 250.00, 'Disponibile'),
(61, 41, 55, 0, 1, 'Privato', 1, 550.00, 'Disponibile'),
(62, 42, 35, 1, 1, 'Privato', 1, 400.00, 'Disponibile'),
(63, 42, 25, 2, 0, 'Condiviso', 0, 300.00, 'Disponibile'),
(64, 43, 38, 0, 1, 'Privato', 0, 480.00, 'Disponibile'),
(65, 44, 18, 1, 0, 'Condiviso', 0, 330.00, 'Disponibile'),
(66, 45, 22, 1, 0, 'Privato', 1, 380.00, 'Disponibile'),
(67, 46, 60, 0, 1, 'Privato', 0, 450.00, 'Disponibile'),
(68, 47, 16, 1, 0, 'Condiviso', 0, 310.00, 'Disponibile'),
(69, 48, 42, 0, 1, 'Privato', 1, 550.00, 'Disponibile'),
(70, 49, 30, 0, 1, 'Privato', 1, 450.00, 'Disponibile'),
(71, 50, 35, 1, 0, 'Condiviso', 0, 340.00, 'Disponibile'),
(72, 51, 20, 2, 0, 'Condiviso', 0, 220.00, 'Disponibile');

INSERT INTO `prenotazione` (`id_prenotazione`, `id_affittuario`, `id_stanza`, `data_richiesta`, `stato`) VALUES
(1, 7, 21, '2026-01-28 09:00:00', 'Confermata'),
(3, 9, 25, '2026-01-29 10:00:00', 'Rifiutata'),
(4, 10, 25, '2026-01-29 11:00:00', 'In attesa'),
(5, 11, 37, '2026-01-29 12:00:00', 'Confermata'),
(6, 12, 29, '2026-01-29 15:30:00', 'In attesa'),
(7, 3, 28, '2026-01-29 13:44:29', 'In attesa'),
(8, 3, 25, '2026-01-30 16:50:30', 'In attesa'),
(11, 3, 22, '2026-02-02 09:00:00', 'Confermata'),
(12, 3, 23, '2026-02-02 09:00:00', 'Confermata'),
(13, 3, 25, '2026-02-02 09:00:00', 'Rifiutata'),
(14, 3, 20, '2026-02-04 09:28:47', 'Confermata'),
(15, 3, 41, '2026-02-04 09:28:57', 'Rifiutata'),
(16, 3, 37, '2026-02-04 09:29:05', 'In attesa'),
(17, 14, 46, '2026-02-04 12:50:33', 'In attesa'),
(18, 12, 49, '2026-02-04 12:50:33', 'In attesa'),
(19, 7, 53, '2026-02-04 12:50:33', 'Confermata'),
(20, 9, 56, '2026-02-04 14:18:19', 'In attesa'),
(21, 10, 60, '2026-02-04 14:18:19', 'In attesa'),
(22, 11, 65, '2026-02-04 14:18:19', 'In attesa');


INSERT INTO `ricerca_alloggio` (`id_ricerca`, `id_studente`, `id_alloggio`, `data_ricerca`) VALUES
(2, 3, 20, '2026-02-04 14:28:49'),
(3, 3, 23, '2026-02-04 12:01:22'),
(4, 3, 16, '2026-02-04 10:21:03'),
(6, 3, 15, '2026-02-04 09:28:44'),
(7, 3, 27, '2026-02-03 17:12:22'),
(8, 3, 22, '2026-02-03 17:28:22'),
(9, 3, 18, '2026-02-04 12:41:31'),
(10, 3, 17, '2026-02-04 09:10:48'),
(11, 3, 19, '2026-02-04 09:10:55'),
(12, 2, 26, '2026-02-04 09:18:10'),
(13, 2, 27, '2026-02-04 09:18:20'),
(14, 3, 25, '2026-02-04 10:20:17'),
(15, 3, 26, '2026-02-04 10:20:13'),
(16, 3, 42, '2026-02-04 14:28:25'),
(17, 3, 30, '2026-02-04 14:28:29'),
(18, 3, 24, '2026-02-04 14:28:36'),
(19, 3, 36, '2026-02-04 14:28:42');


INSERT INTO `richiesta_subaffitto` (`id_richiesta`, `id_mittente`, `id_stanza`, `messaggio`, `stato`) VALUES
(2, 8, 19, 'Salve, sono una studentessa Erasmus. Cerco un subentro urgente da Marzo a Luglio. Ho visto che la stanza è occupata, l\'inquilino attuale cerca un sostituto?', 'Confermata'),
(3, 9, 20, 'Ciao! Offro 400 euro per subaffitto immediato senza contratto lungo. Fatemi sapere.', 'Rifiutata'),
(4, 3, 21, 'Ciao, ho parlato con il proprietario telefonicamente per il subentro al contratto esistente. Invio questa richiesta per formalizzare.', 'Confermata'),
(6, 3, 23, 'Mi piace', 'In attesa'),
(7, 3, 20, 'Ho bisogno di andare via purtroppo...', 'In attesa'),
(8, 11, 23, 'Lascio la stanza per tirocinio all estero, cerco sostituto.', 'In attesa'),
(9, 7, 21, 'Subentro per i prossimi 3 mesi.', 'In attesa'),
(10, 13, 72, 'Cerco subentro causa cambio sede universitaria.', 'In attesa'),
(11, 12, 61, 'Lascio Ravenna per tirocinio, cerco sostituto.', 'In attesa');


INSERT INTO `segnalazione` (`id_segnalazione`, `id_utente_segnalatore`, `id_alloggio_segnalato`, `id_utente_segnalato`, `categoria`, `descrizione`, `stato`, `data_segnalazione`) VALUES
(2, 3, NULL, 2, 'Sospetto truffa', 'Il proprietario chiede pagamenti fuori dalla piattaforma.', 'Aperta', '2026-01-20 16:23:42'),
(3, 1, NULL, 2, 'Sospetto truffa', 'Mi sembra sospetto', 'Aperta', '2026-01-20 16:33:55'),
(6, 1, NULL, 2, 'Comportamento scorretto', 'Non pubblica cose vere', 'Aperta', '2026-01-21 14:30:33'),
(10, 8, 19, NULL, 'Contenuto inappropriato', 'Le foto non corrispondono alla descrizione.', 'In revisione', '2026-01-27 15:00:00'),
(11, 12, NULL, 5, 'Comportamento scorretto', 'Il proprietario non risponde ai messaggi da giorni.', 'Aperta', '2026-01-29 09:00:00'),
(12, 4, NULL, 7, 'Altro', 'L\'inquilino fa troppo rumore.', 'Risolta', '2026-01-28 20:00:00'),
(14, 9, 28, NULL, 'Contenuto inappropriato', 'Il prezzo indicato non include spese che vengono invece richieste in privato.', 'Aperta', '2026-02-04 12:50:33'),
(15, 13, NULL, 5, 'Comportamento scorretto', 'Il proprietario ha cancellato la visita mezz ora prima senza avvisare.', 'Aperta', '2026-02-04 12:50:33'),
(16, 7, 29, NULL, 'Sospetto truffa', 'Le foto sembrano prese da un sito di arredamento, non reali.', 'In revisione', '2026-02-04 12:50:33'),
(17, 10, 40, NULL, 'Contenuto inappropriato', 'La descrizione parla di stanza singola ma in realtà è una doppia molto piccola.', 'Aperta', '2026-02-04 14:18:19'),
(18, 11, NULL, 6, 'Comportamento scorretto', 'Il proprietario ha preteso un pagamento in contanti senza ricevuta per bloccare la stanza.', 'Aperta', '2026-02-04 14:18:19'),
(19, 9, 38, NULL, 'Sospetto truffa', 'L indirizzo fornito non corrisponde alla posizione reale sulla mappa.', 'Aperta', '2026-02-04 14:18:19');
